{"packages/cupertino_icons/assets/CupertinoIcons.ttf":["packages/cupertino_icons/assets/CupertinoIcons.ttf"],"images/beoverdue.png":["images/beoverdue.png","images/2.0x/beoverdue.png","images/3.0x/beoverdue.png","images/4.0x/beoverdue.png"],"images/3.0x/beoverdue.png":["images/3.0x/beoverdue.png"],"images/2.0x/beoverdue.png":["images/2.0x/beoverdue.png"],"images/3.0x/bg-option.png":["images/3.0x/bg-option.png"],"images/2.0x/bg-option.png":["images/2.0x/bg-option.png"],"images/bg-option.png":["images/bg-option.png","images/2.0x/bg-option.png","images/3.0x/bg-option.png","images/4.0x/bg-option.png"],"images/2.0x/border.png":["images/2.0x/border.png"],"images/border.png":["images/border.png","images/2.0x/border.png","images/3.0x/border.png","images/4.0x/border.png"],"images/3.0x/border.png":["images/3.0x/border.png"],"images/2.0x/code.png":["images/2.0x/code.png"],"images/code.png":["images/code.png","images/2.0x/code.png","images/3.0x/code.png","images/4.0x/code.png"],"images/3.0x/code.png":["images/3.0x/code.png"],"images/2.0x/couponbg.png":["images/2.0x/couponbg.png"],"images/couponbg.png":["images/couponbg.png","images/2.0x/couponbg.png","images/3.0x/couponbg.png","images/4.0x/couponbg.png"],"images/3.0x/couponbg.png":["images/3.0x/couponbg.png"],"images/2.0x/couponborder.png":["images/2.0x/couponborder.png"],"images/3.0x/couponborder.png":["images/3.0x/couponborder.png"],"images/couponborder.png":["images/couponborder.png","images/2.0x/couponborder.png","images/3.0x/couponborder.png","images/4.0x/couponborder.png"],"images/couponborder2.png":["images/couponborder2.png","images/2.0x/couponborder2.png","images/3.0x/couponborder2.png","images/4.0x/couponborder2.png"],"images/2.0x/couponborder2.png":["images/2.0x/couponborder2.png"],"images/3.0x/couponborder2.png":["images/3.0x/couponborder2.png"],"images/doashed.png":["images/doashed.png","images/2.0x/doashed.png","images/3.0x/doashed.png","images/4.0x/doashed.png"],"images/2.0x/doashed.png":["images/2.0x/doashed.png"],"images/3.0x/doashed.png":["images/3.0x/doashed.png"],"images/3.0x/doast.png":["images/3.0x/doast.png"],"images/2.0x/doast.png":["images/2.0x/doast.png"],"images/doast.png":["images/doast.png","images/2.0x/doast.png","images/3.0x/doast.png","images/4.0x/doast.png"],"images/dongtai.png":["images/dongtai.png","images/2.0x/dongtai.png","images/3.0x/dongtai.png","images/4.0x/dongtai.png"],"images/3.0x/dongtai.png":["images/3.0x/dongtai.png"],"images/2.0x/dongtai.png":["images/2.0x/dongtai.png"],"images/gonggao.png":["images/gonggao.png","images/2.0x/gonggao.png","images/3.0x/gonggao.png","images/4.0x/gonggao.png"],"images/2.0x/gonggao.png":["images/2.0x/gonggao.png"],"images/3.0x/gonggao.png":["images/3.0x/gonggao.png"],"images/3.0x/hui.png":["images/3.0x/hui.png"],"images/hui.png":["images/hui.png","images/2.0x/hui.png","images/3.0x/hui.png","images/4.0x/hui.png"],"images/2.0x/hui.png":["images/2.0x/hui.png"],"fonts/iconfont.ttf":["fonts/iconfont.ttf"],"images/3.0x/itransfer.png":["images/3.0x/itransfer.png"],"images/itransfer.png":["images/itransfer.png","images/2.0x/itransfer.png","images/3.0x/itransfer.png","images/4.0x/itransfer.png"],"images/2.0x/itransfer.png":["images/2.0x/itransfer.png"],"images/jia-v.png":["images/jia-v.png","images/2.0x/jia-v.png","images/3.0x/jia-v.png","images/4.0x/jia-v.png"],"images/2.0x/jia-v.png":["images/2.0x/jia-v.png"],"images/3.0x/jia-v.png":["images/3.0x/jia-v.png"],"images/3.0x/loading.gif":["images/3.0x/loading.gif"],"images/2.0x/loading.gif":["images/2.0x/loading.gif"],"images/loading.gif":["images/loading.gif","images/2.0x/loading.gif","images/3.0x/loading.gif","images/4.0x/loading.gif"],"images/3.0x/loginbg.png":["images/3.0x/loginbg.png"],"images/loginbg.png":["images/loginbg.png","images/2.0x/loginbg.png","images/3.0x/loginbg.png","images/4.0x/loginbg.png"],"images/2.0x/loginbg.png":["images/2.0x/loginbg.png"],"images/3.0x/logo.png":["images/3.0x/logo.png"],"images/2.0x/logo.png":["images/2.0x/logo.png"],"images/logo.png":["images/logo.png","images/2.0x/logo.png","images/3.0x/logo.png","images/4.0x/logo.png"],"images/message.png":["images/message.png","images/2.0x/message.png","images/3.0x/message.png","images/4.0x/message.png"],"images/2.0x/message.png":["images/2.0x/message.png"],"images/3.0x/message.png":["images/3.0x/message.png"],"images/money.png":["images/money.png","images/2.0x/money.png","images/3.0x/money.png","images/4.0x/money.png"],"images/2.0x/money.png":["images/2.0x/money.png"],"images/3.0x/money.png":["images/3.0x/money.png"],"images/2.0x/mybg.png":["images/2.0x/mybg.png"],"images/3.0x/mybg.png":["images/3.0x/mybg.png"],"images/mybg.png":["images/mybg.png","images/2.0x/mybg.png","images/3.0x/mybg.png","images/4.0x/mybg.png"],"images/no.png":["images/no.png","images/2.0x/no.png","images/3.0x/no.png","images/4.0x/no.png"],"images/2.0x/no.png":["images/2.0x/no.png"],"images/3.0x/no.png":["images/3.0x/no.png"],"packages/open_iconic_flutter/assets/open-iconic.woff":["packages/open_iconic_flutter/assets/open-iconic.woff"],"images/2.0x/register.png":["images/2.0x/register.png"],"images/register.png":["images/register.png","images/2.0x/register.png","images/3.0x/register.png","images/4.0x/register.png"],"images/3.0x/register.png":["images/3.0x/register.png"],"images/3.0x/shenmucanyin.png":["images/3.0x/shenmucanyin.png"],"images/2.0x/shenmucanyin.png":["images/2.0x/shenmucanyin.png"],"images/shenmucanyin.png":["images/shenmucanyin.png","images/2.0x/shenmucanyin.png","images/3.0x/shenmucanyin.png","images/4.0x/shenmucanyin.png"],"images/shenmuchuxing.png":["images/shenmuchuxing.png","images/2.0x/shenmuchuxing.png","images/3.0x/shenmuchuxing.png","images/4.0x/shenmuchuxing.png"],"images/2.0x/shenmuchuxing.png":["images/2.0x/shenmuchuxing.png"],"images/3.0x/shenmuchuxing.png":["images/3.0x/shenmuchuxing.png"],"images/3.0x/shenmugouwu.png":["images/3.0x/shenmugouwu.png"],"images/2.0x/shenmugouwu.png":["images/2.0x/shenmugouwu.png"],"images/shenmugouwu.png":["images/shenmugouwu.png","images/2.0x/shenmugouwu.png","images/3.0x/shenmugouwu.png","images/4.0x/shenmugouwu.png"],"images/3.0x/shenmujidi.png":["images/3.0x/shenmujidi.png"],"images/2.0x/shenmujidi.png":["images/2.0x/shenmujidi.png"],"images/shenmujidi.png":["images/shenmujidi.png","images/2.0x/shenmujidi.png","images/3.0x/shenmujidi.png","images/4.0x/shenmujidi.png"],"assets/shenmujidi.svg":["assets/shenmujidi.svg"],"images/3.0x/shenmukaquan.png":["images/3.0x/shenmukaquan.png"],"images/2.0x/shenmukaquan.png":["images/2.0x/shenmukaquan.png"],"images/shenmukaquan.png":["images/shenmukaquan.png","images/2.0x/shenmukaquan.png","images/3.0x/shenmukaquan.png","images/4.0x/shenmukaquan.png"],"images/3.0x/shenmuyule.png":["images/3.0x/shenmuyule.png"],"images/2.0x/shenmuyule.png":["images/2.0x/shenmuyule.png"],"images/shenmuyule.png":["images/shenmuyule.png","images/2.0x/shenmuyule.png","images/3.0x/shenmuyule.png","images/4.0x/shenmuyule.png"],"images/3.0x/shenmuzhusu.png":["images/3.0x/shenmuzhusu.png"],"images/2.0x/shenmuzhusu.png":["images/2.0x/shenmuzhusu.png"],"images/shenmuzhusu.png":["images/shenmuzhusu.png","images/2.0x/shenmuzhusu.png","images/3.0x/shenmuzhusu.png","images/4.0x/shenmuzhusu.png"],"images/3.0x/tongzhi.png":["images/3.0x/tongzhi.png"],"images/2.0x/tongzhi.png":["images/2.0x/tongzhi.png"],"images/tongzhi.png":["images/tongzhi.png","images/2.0x/tongzhi.png","images/3.0x/tongzhi.png","images/4.0x/tongzhi.png"],"videos/video.mp4":["videos/video.mp4"],"images/2.0x/weixin.png":["images/2.0x/weixin.png"],"images/weixin.png":["images/weixin.png","images/2.0x/weixin.png","images/3.0x/weixin.png","images/4.0x/weixin.png"],"images/3.0x/weixin.png":["images/3.0x/weixin.png"],"images/3.0x/wodedongtai.png":["images/3.0x/wodedongtai.png"],"images/2.0x/wodedongtai.png":["images/2.0x/wodedongtai.png"],"images/wodedongtai.png":["images/wodedongtai.png","images/2.0x/wodedongtai.png","images/3.0x/wodedongtai.png","images/4.0x/wodedongtai.png"],"images/3.0x/wodeqianbao.png":["images/3.0x/wodeqianbao.png"],"images/2.0x/wodeqianbao.png":["images/2.0x/wodeqianbao.png"],"images/wodeqianbao.png":["images/wodeqianbao.png","images/2.0x/wodeqianbao.png","images/3.0x/wodeqianbao.png","images/4.0x/wodeqianbao.png"],"images/3.0x/wodeshenmu.png":["images/3.0x/wodeshenmu.png"],"images/2.0x/wodeshenmu.png":["images/2.0x/wodeshenmu.png"],"images/wodeshenmu.png":["images/wodeshenmu.png","images/2.0x/wodeshenmu.png","images/3.0x/wodeshenmu.png","images/4.0x/wodeshenmu.png"],"images/3.0x/xiaoxi.png":["images/3.0x/xiaoxi.png"],"images/2.0x/xiaoxi.png":["images/2.0x/xiaoxi.png"],"images/xiaoxi.png":["images/xiaoxi.png","images/2.0x/xiaoxi.png","images/3.0x/xiaoxi.png","images/4.0x/xiaoxi.png"],"images/yes.png":["images/yes.png","images/2.0x/yes.png","images/3.0x/yes.png","images/4.0x/yes.png"],"images/2.0x/yes.png":["images/2.0x/yes.png"],"images/3.0x/yes.png":["images/3.0x/yes.png"],"images/3.0x/zhoubianyou.png":["images/3.0x/zhoubianyou.png"],"images/2.0x/zhoubianyou.png":["images/2.0x/zhoubianyou.png"],"images/zhoubianyou.png":["images/zhoubianyou.png","images/2.0x/zhoubianyou.png","images/3.0x/zhoubianyou.png","images/4.0x/zhoubianyou.png"],"images/3.0x/zhuangtailan.png":["images/3.0x/zhuangtailan.png"],"images/2.0x/zhuangtailan.png":["images/2.0x/zhuangtailan.png"],"images/zhuangtailan.png":["images/zhuangtailan.png","images/2.0x/zhuangtailan.png","images/3.0x/zhuangtailan.png","images/4.0x/zhuangtailan.png"]}