[{"fonts":[{"asset":"fonts/MaterialIcons-Regular.ttf"}],"family":"MaterialIcons"},{"family":"iconfont","fonts":[{"asset":"fonts/iconfont.ttf"}]},{"fonts":[{"asset":"fonts/MaterialIcons-Regular.ttf"}],"family":"MaterialIcons"},{"family":"packages/cupertino_icons/CupertinoIcons","fonts":[{"asset":"packages/cupertino_icons/assets/CupertinoIcons.ttf"}]},{"fonts":[{"asset":"fonts/MaterialIcons-Regular.ttf"}],"family":"MaterialIcons"},{"family":"packages/open_iconic_flutter/OpenIconic","fonts":[{"asset":"packages/open_iconic_flutter/assets/open-iconic.woff"}]},{"fonts":[{"asset":"fonts/MaterialIcons-Regular.ttf"}],"family":"MaterialIcons"},{"fonts":[{"asset":"fonts/MaterialIcons-Regular.ttf"}],"family":"MaterialIcons"}]